predicted_clusters,MinAge,MaxAge,AvgMortality
4,31.0,42.0,0.0
5,0.0,10.0,0.0003333333333333333
2,43.0,53.0,0.044124999999999984
0,12.0,25.0,0.08604651162790698
1,54.0,64.0,0.11711864406779658
3,65.0,79.0,0.37108695652173923
