,precision,recall,f1-score,support
low risk,0.9206349206349206,0.925531914893617,0.9230769230769229,188.0
high risk,0.6744186046511628,0.6590909090909091,0.6666666666666666,44.0
accuracy,0.875,0.875,0.875,0.875
macro avg,0.7975267626430417,0.792311411992263,0.7948717948717947,232.0
weighted avg,0.873938722775932,0.875,0.874447391688771,232.0
